Name,Date Created,Status
Take Fig on a walk,"June 20, 2023 2:26 PM",Doing
,"June 20, 2023 2:26 PM",
from 10 am 9 pm development of the task like whatever is pending I need to do,"June 20, 2023 2:27 PM",To Do
from 9 pm to 10 pm dinner and the family time I need to focus on,"June 20, 2023 2:29 PM",To Do
from 10 pm to 12 pm office work and related technology I need to learn and practice as well,"June 20, 2023 2:29 PM",To Do
from12 to 4 am the technology that they are using for the development that I need to learn it out,"June 20, 2023 2:30 PM",To Do
,"June 20, 2023 2:31 PM",Doing
,"June 20, 2023 2:31 PM",Doing
,"June 20, 2023 2:31 PM",Doing
